test_id,batch_size,p50_ms,p95_ms,p99_ms
fed_train_large_1000000_3_1757669108,1,0.0030994415283203125,0.021326541900634738,0.03154039382934571
fed_train_large_1000000_3_1757669108,16,0.029087066650390625,0.14344453811645486,0.2157998085021973
fed_train_large_1000000_3_1757669108,64,0.10979175567626953,0.13008117675781247,0.13797760009765625
